row_idx,col_idx,log2ratio
1,1,0
2,1,0
3,1,0
4,1,0
5,1,0
6,1,0
7,1,0
8,1,0
9,1,0
10,1,0
11,1,0
12,1,0
13,1,0
14,1,0
15,1,0
16,1,0
17,1,0
18,1,0
19,1,0
20,1,0
21,1,0
22,1,0
23,1,0
24,1,0
25,1,0
26,1,0
27,1,0
28,1,0
29,1,0
30,1,0
31,1,0
32,1,0
33,1,0
34,1,0
35,1,0
36,1,496.97
37,1,0
38,1,0
39,1,0
40,1,0
41,1,0
42,1,0
43,1,0
44,1,0
45,1,0
46,1,0
47,1,0
48,1,0
49,1,0
50,1,0
51,1,0
52,1,0
53,1,0
54,1,0
55,1,0
56,1,0
57,1,496.97
58,1,0
59,1,0
60,1,0
61,1,0
62,1,0
63,1,0
64,1,0
65,1,0
66,1,0
67,1,0
68,1,0
69,1,0
70,1,0
71,1,0
72,1,0
73,1,0
74,1,0
75,1,0
76,1,0
77,1,0
78,1,0
79,1,0
80,1,0
81,1,0
82,1,0
83,1,0
84,1,0
85,1,0
86,1,0
87,1,0
88,1,0
89,1,496.97
90,1,0
91,1,0
92,1,0
93,1,0
94,1,0
95,1,0
96,1,0
97,1,0
98,1,0
99,1,0
100,1,0
101,1,0
102,1,0
103,1,0
104,1,0
105,1,0
106,1,0
107,1,0
108,1,0
109,1,0
110,1,0
111,1,0
112,1,0
113,1,0
114,1,0
115,1,0
116,1,0
117,1,0
118,1,0
119,1,0
120,1,0
121,1,0
122,1,0
123,1,0
124,1,0
125,1,0
126,1,0
127,1,0
128,1,0
129,1,0
130,1,0
131,1,0
132,1,0
133,1,0
134,1,0
135,1,0
136,1,0
137,1,0
138,1,0
139,1,0
140,1,0
141,1,0
142,1,0
143,1,0
144,1,0
145,1,0
146,1,0
147,1,0
148,1,0
149,1,0
150,1,0
151,1,496.97
152,1,0
153,1,0
154,1,0
155,1,0
156,1,0
157,1,0
158,1,0
159,1,0
160,1,0
161,1,0
162,1,0
163,1,0
164,1,0
165,1,0
166,1,0
167,1,0
168,1,0
169,1,0
170,1,0
171,1,0
172,1,0
173,1,0
174,1,0
175,1,0
176,1,0
177,1,0
178,1,0
179,1,0
180,1,0
181,1,0
182,1,0
183,1,0
184,1,0
185,1,0
186,1,0
187,1,0
188,1,0
189,1,0
190,1,0
191,1,0
192,1,0
193,1,0
194,1,0
195,1,0
196,1,0
197,1,0
198,1,0
199,1,0
200,1,0
201,1,0
202,1,0
203,1,0
204,1,0
205,1,496.97
206,1,0
207,1,0
208,1,0
209,1,0
210,1,0
211,1,0
212,1,0
213,1,0
214,1,0
215,1,0
216,1,0
217,1,0
218,1,0
219,1,0
220,1,0
221,1,0
222,1,0
223,1,0
224,1,0
225,1,0
226,1,0
227,1,0
228,1,0
229,1,0
230,1,0
231,1,0
232,1,0
233,1,0
234,1,0
235,1,0
236,1,0
237,1,0
238,1,0
239,1,0
240,1,0
241,1,0
242,1,0
243,1,0
244,1,0
245,1,0
246,1,0
247,1,0
248,1,0
249,1,0
250,1,0
251,1,0
252,1,0
1,2,0
2,2,0
3,2,0
4,2,0
5,2,0
6,2,0
7,2,0
8,2,0
9,2,0
10,2,0
11,2,0
12,2,0
13,2,1.3891e-09
14,2,0
15,2,0
16,2,0
17,2,2.1743e-13
18,2,0
19,2,0
20,2,0
21,2,0
22,2,0
23,2,0
24,2,0
25,2,1.4644e-16
26,2,0
27,2,0
28,2,4.1596e-15
29,2,0
30,2,2.3146e-10
31,2,0
32,2,0
33,2,0
34,2,0
35,2,0
36,2,0
37,2,0
38,2,0
39,2,0
40,2,0
41,2,5.4492e-15
42,2,0
43,2,0
44,2,8.9988e-18
45,2,0
46,2,0
47,2,0
48,2,0
49,2,6.2349e-16
50,2,0
51,2,0
52,2,1.8302e-13
53,2,1.2111e-17
54,2,0
55,2,0
56,2,0
57,2,0
58,2,1.8663e-09
59,2,0
60,2,4.4759e-16
61,2,2.8621e-17
62,2,4.8781e-15
63,2,0
64,2,2.4224e-14
65,2,0
66,2,0
67,2,0
68,2,4.2085e-15
69,2,0
70,2,3.0023e-10
71,2,0
72,2,0
73,2,0
74,2,3.0906e-15
75,2,0
76,2,0
77,2,0
78,2,9.4175e-11
79,2,9.4419e-36
80,2,0
81,2,0
82,2,0
83,2,0
84,2,0
85,2,0
86,2,2.0738e-15
87,2,0
88,2,0
89,2,0
90,2,0
91,2,0
92,2,0
93,2,0
94,2,0
95,2,0
96,2,0
97,2,0
98,2,0
99,2,0
100,2,0
101,2,0
102,2,1.9277e-15
103,2,1.6765e-18
104,2,1.2599e-15
105,2,0
106,2,0
107,2,0
108,2,0
109,2,1.1641e-14
110,2,2.6137e-10
111,2,0
112,2,0
113,2,0
114,2,0
115,2,0
116,2,0
117,2,0
118,2,0
119,2,4.1836e-09
120,2,8.4441e-11
121,2,0
122,2,1.3241e-09
123,2,1.715e-09
124,2,5.581e-18
125,2,7.1663e-10
126,2,1.9563e-18
127,2,0
128,2,9.7527e-09
129,2,0
130,2,0
131,2,0
132,2,0
133,2,0
134,2,2.7472e-09
135,2,0
136,2,0
137,2,1.8092e-10
138,2,0
139,2,0
140,2,0
141,2,0
142,2,0
143,2,0
144,2,0
145,2,1.4973e-09
146,2,1.3856e-11
147,2,0
148,2,0
149,2,1.1651e-09
150,2,0
151,2,0
152,2,0
153,2,0
154,2,0
155,2,0
156,2,2.1406e-40
157,2,0
158,2,0
159,2,7.3226e-16
160,2,1.2379e-14
161,2,8.3785e-15
162,2,6.4674e-10
163,2,1.3768e-10
164,2,7.1908e-11
165,2,0
166,2,0
167,2,0
168,2,0
169,2,5.8059e-10
170,2,0
171,2,0
172,2,0
173,2,0
174,2,0
175,2,0
176,2,0
177,2,0
178,2,0
179,2,5.3671e-15
180,2,1.0033e-14
181,2,1.1018e-40
182,2,0
183,2,0
184,2,0
185,2,49343
186,2,0
187,2,0
188,2,0
189,2,2.7031e-159
190,2,0
191,2,1.4171e-161
192,2,8.5775e-16
193,2,1.9656e-16
194,2,0
195,2,0
196,2,0
197,2,0
198,2,0
199,2,0
200,2,0
201,2,0
202,2,0
203,2,0
204,2,0
205,2,0
206,2,0
207,2,0
208,2,0
209,2,0
210,2,0
211,2,0
212,2,2.381e-15
213,2,0
214,2,2.2039e-09
215,2,0
216,2,0
217,2,0
218,2,0
219,2,0
220,2,1.8302e-13
221,2,1.7893e-14
222,2,6.3798e-14
223,2,4.3728e-11
224,2,0
225,2,0
226,2,0
227,2,0
228,2,0
229,2,0
230,2,0
231,2,4.6267e-17
232,2,0
233,2,3.0427e-14
234,2,0
235,2,0
236,2,0
237,2,0
238,2,0
239,2,0
240,2,7.0806e-15
241,2,0
242,2,0
243,2,0
244,2,0
245,2,0
246,2,1.1504e-160
247,2,1.5823e-16
248,2,4.8985e-15
249,2,0
250,2,0
251,2,0
252,2,0
1,3,0
2,3,0
3,3,0
4,3,0
5,3,0
6,3,0
7,3,0
8,3,0
9,3,0
10,3,0
11,3,0
12,3,0
13,3,1.4563e-05
14,3,0
15,3,0
16,3,0
17,3,2.244e-09
18,3,0
19,3,0
20,3,0
21,3,0
22,3,0
23,3,0
24,3,0
25,3,1.5041e-12
26,3,0
27,3,0
28,3,4.2723e-11
29,3,0
30,3,2.4249e-06
31,3,0
32,3,0
33,3,0
34,3,0
35,3,0
36,3,0
37,3,0
38,3,0
39,3,0
40,3,0
41,3,5.5969e-11
42,3,0
43,3,0
44,3,9.2846e-14
45,3,0
46,3,0
47,3,0
48,3,0
49,3,6.4039e-12
50,3,0
51,3,0
52,3,1.8932e-09
53,3,1.2527e-13
54,3,0
55,3,0
56,3,0
57,3,0
58,3,1.9569e-05
59,3,0
60,3,4.5972e-12
61,3,2.9396e-13
62,3,5.0464e-11
63,3,0
64,3,2.506e-10
65,3,0
66,3,0
67,3,0
68,3,4.3226e-11
69,3,0
70,3,3.145e-06
71,3,0
72,3,0
73,3,0
74,3,3.1743e-11
75,3,0
76,3,0
77,3,0
78,3,9.8772e-07
79,3,9.6979e-32
80,3,0
81,3,0
82,3,0
83,3,0
84,3,0
85,3,0
86,3,2.13e-11
87,3,0
88,3,0
89,3,0
90,3,0
91,3,0
92,3,0
93,3,0
94,3,0
95,3,0
96,3,0
97,3,0
98,3,0
99,3,0
100,3,0
101,3,0
102,3,1.98e-11
103,3,1.722e-14
104,3,1.299e-11
105,3,0
106,3,0
107,3,0
108,3,0
109,3,1.1967e-10
110,3,2.7397e-06
111,3,0
112,3,0
113,3,0
114,3,0
115,3,0
116,3,0
117,3,0
118,3,0
119,3,4.3904e-05
120,3,8.8591e-07
121,3,0
122,3,1.3882e-05
123,3,1.7973e-05
124,3,5.7323e-14
125,3,7.5127e-06
126,3,2.0093e-14
127,3,0
128,3,0.00010233
129,3,0
130,3,0
131,3,0
132,3,0
133,3,0
134,3,2.8827e-05
135,3,0
136,3,0
137,3,1.8953e-06
138,3,0
139,3,0
140,3,0
141,3,0
142,3,0
143,3,0
144,3,0
145,3,1.5698e-05
146,3,1.4529e-07
147,3,0
148,3,0
149,3,1.2221e-05
150,3,0
151,3,0
152,3,0
153,3,0
154,3,2.1258e+07
155,3,0
156,3,2.2144e-36
157,3,0
158,3,0
159,3,7.5211e-12
160,3,1.2715e-10
161,3,8.6229e-11
162,3,6.786e-06
163,3,1.4422e-06
164,3,7.5369e-07
165,3,0
166,3,0
167,3,0
168,3,0
169,3,6.0895e-06
170,3,0
171,3,0
172,3,0
173,3,0
174,3,0
175,3,0
176,3,0
177,3,0
178,3,0
179,3,5.5126e-11
180,3,1.0337e-10
181,3,1.1398e-36
182,3,0
183,3,0
184,3,0
185,3,0
186,3,0
187,3,0
188,3,0
189,3,2.7764e-155
190,3,0
191,3,1.4556e-157
192,3,8.81e-12
193,3,2.0188e-12
194,3,0
195,3,0
196,3,0
197,3,0
198,3,0
199,3,0
200,3,0
201,3,0
202,3,0
203,3,0
204,3,0
205,3,2.1259e+07
206,3,0
207,3,0
208,3,0
209,3,0
210,3,0
211,3,0
212,3,2.4592e-11
213,3,0
214,3,2.3104e-05
215,3,0
216,3,0
217,3,0
218,3,0
219,3,0
220,3,1.8932e-09
221,3,1.8414e-10
222,3,6.5812e-10
223,3,4.58e-07
224,3,0
225,3,0
226,3,0
227,3,0
228,3,0
229,3,0
230,3,0
231,3,4.7522e-13
232,3,0
233,3,3.1252e-10
234,3,0
235,3,2.1259e+07
236,3,0
237,3,0
238,3,0
239,3,0
240,3,7.2725e-11
241,3,0
242,3,0
243,3,0
244,3,0
245,3,0
246,3,1.1816e-156
247,3,1.6252e-12
248,3,5.0313e-11
249,3,0
250,3,0
251,3,0
252,3,0
1,4,0
2,4,0
3,4,0
4,4,0
5,4,0
6,4,0
7,4,0
8,4,0
9,4,0
10,4,0
11,4,0
12,4,0
13,4,0
14,4,0
15,4,0
16,4,0
17,4,0
18,4,0
19,4,0
20,4,0
21,4,0
22,4,0
23,4,16649
24,4,0
25,4,0
26,4,0
27,4,0
28,4,0
29,4,0
30,4,0
31,4,0
32,4,0
33,4,0
34,4,0
35,4,0
36,4,0
37,4,0
38,4,0
39,4,0
40,4,0
41,4,0
42,4,0
43,4,0
44,4,0
45,4,0
46,4,0
47,4,0
48,4,0
49,4,0
50,4,0
51,4,0
52,4,0
53,4,0
54,4,0
55,4,0
56,4,0
57,4,0
58,4,0
59,4,0
60,4,0
61,4,0
62,4,0
63,4,0
64,4,0
65,4,0
66,4,0
67,4,0
68,4,0
69,4,0
70,4,0
71,4,0
72,4,0
73,4,0
74,4,0
75,4,0
76,4,0
77,4,0
78,4,0
79,4,0
80,4,0
81,4,0
82,4,0
83,4,0
84,4,0
85,4,0
86,4,0
87,4,0
88,4,0
89,4,0
90,4,0
91,4,0
92,4,0
93,4,0
94,4,0
95,4,0
96,4,0
97,4,0
98,4,0
99,4,0
100,4,0
101,4,0
102,4,0
103,4,0
104,4,0
105,4,0
106,4,0
107,4,0
108,4,0
109,4,0
110,4,0
111,4,0
112,4,0
113,4,0
114,4,0
115,4,0
116,4,0
117,4,0
118,4,0
119,4,0
120,4,0
121,4,0
122,4,0
123,4,0
124,4,0
125,4,0
126,4,0
127,4,0
128,4,0
129,4,0
130,4,0
131,4,0
132,4,0
133,4,0
134,4,0
135,4,0
136,4,0
137,4,0
138,4,0
139,4,0
140,4,0
141,4,0
142,4,0
143,4,0
144,4,0
145,4,0
146,4,0
147,4,0
148,4,0
149,4,0
150,4,0
151,4,0
152,4,0
153,4,0
154,4,0
155,4,0
156,4,0
157,4,0
158,4,0
159,4,0
160,4,0
161,4,0
162,4,0
163,4,0
164,4,0
165,4,0
166,4,0
167,4,0
168,4,0
169,4,0
170,4,0
171,4,0
172,4,0
173,4,0
174,4,0
175,4,0
176,4,0
177,4,0
178,4,0
179,4,0
180,4,0
181,4,0
182,4,0
183,4,0
184,4,0
185,4,0
186,4,0
187,4,0
188,4,0
189,4,0
190,4,0
191,4,0
192,4,0
193,4,0
194,4,0
195,4,0
196,4,0
197,4,0
198,4,0
199,4,0
200,4,0
201,4,0
202,4,0
203,4,0
204,4,0
205,4,0
206,4,0
207,4,0
208,4,0
209,4,0
210,4,0
211,4,0
212,4,0
213,4,0
214,4,0
215,4,0
216,4,0
217,4,0
218,4,0
219,4,0
220,4,0
221,4,0
222,4,0
223,4,0
224,4,0
225,4,0
226,4,0
227,4,0
228,4,0
229,4,0
230,4,0
231,4,0
232,4,0
233,4,0
234,4,0
235,4,0
236,4,0
237,4,0
238,4,0
239,4,0
240,4,0
241,4,0
242,4,0
243,4,0
244,4,0
245,4,0
246,4,0
247,4,0
248,4,0
249,4,0
250,4,0
251,4,0
252,4,0
1,5,0
2,5,0
3,5,0
4,5,0
5,5,0
6,5,0
7,5,0
8,5,0
9,5,0
10,5,0
11,5,0
12,5,0
13,5,0
14,5,0
15,5,0
16,5,0
17,5,0
18,5,0
19,5,0
20,5,0
21,5,0
22,5,0
23,5,0
24,5,0
25,5,0
26,5,0
27,5,0
28,5,0
29,5,0
30,5,0
31,5,0
32,5,0
33,5,0
34,5,0
35,5,0
36,5,0
37,5,0
38,5,0
39,5,0
40,5,0
41,5,0
42,5,0
43,5,0
44,5,0
45,5,0
46,5,0
47,5,0
48,5,3062.1
49,5,0
50,5,0
51,5,0
52,5,0
53,5,0
54,5,0
55,5,0
56,5,0
57,5,0
58,5,0
59,5,0
60,5,0
61,5,0
62,5,0
63,5,0
64,5,0
65,5,0
66,5,0
67,5,0
68,5,0
69,5,0
70,5,0
71,5,0
72,5,0
73,5,0
74,5,0
75,5,0
76,5,0
77,5,0
78,5,0
79,5,0
80,5,0
81,5,0
82,5,0
83,5,0
84,5,0
85,5,0
86,5,0
87,5,0
88,5,0
89,5,0
90,5,0
91,5,0
92,5,0
93,5,0
94,5,0
95,5,0
96,5,0
97,5,0
98,5,0
99,5,0
100,5,0
101,5,0
102,5,0
103,5,0
104,5,0
105,5,0
106,5,0
107,5,0
108,5,0
109,5,0
110,5,0
111,5,0
112,5,0
113,5,0
114,5,0
115,5,0
116,5,0
117,5,0
118,5,0
119,5,0
120,5,0
121,5,0
122,5,0
123,5,0
124,5,0
125,5,0
126,5,0
127,5,0
128,5,0
129,5,0
130,5,0
131,5,0
132,5,0
133,5,0
134,5,0
135,5,0
136,5,0
137,5,0
138,5,0
139,5,0
140,5,0
141,5,0
142,5,0
143,5,0
144,5,0
145,5,0
146,5,0
147,5,0
148,5,0
149,5,0
150,5,3062.1
151,5,0
152,5,0
153,5,0
154,5,0
155,5,0
156,5,0
157,5,0
158,5,0
159,5,0
160,5,0
161,5,0
162,5,0
163,5,0
164,5,0
165,5,0
166,5,0
167,5,0
168,5,0
169,5,0
170,5,0
171,5,0
172,5,0
173,5,0
174,5,0
175,5,0
176,5,0
177,5,0
178,5,0
179,5,0
180,5,0
181,5,0
182,5,0
183,5,0
184,5,0
185,5,0
186,5,0
187,5,0
188,5,0
189,5,0
190,5,0
191,5,0
192,5,0
193,5,0
194,5,0
195,5,0
196,5,0
197,5,0
198,5,0
199,5,0
200,5,0
201,5,0
202,5,0
203,5,0
204,5,0
205,5,0
206,5,0
207,5,0
208,5,0
209,5,0
210,5,0
211,5,0
212,5,0
213,5,0
214,5,0
215,5,0
216,5,0
217,5,0
218,5,0
219,5,0
220,5,0
221,5,0
222,5,0
223,5,0
224,5,0
225,5,0
226,5,0
227,5,0
228,5,0
229,5,0
230,5,0
231,5,0
232,5,0
233,5,0
234,5,0
235,5,0
236,5,0
237,5,0
238,5,0
239,5,0
240,5,0
241,5,0
242,5,0
243,5,0
244,5,0
245,5,0
246,5,0
247,5,0
248,5,0
249,5,0
250,5,0
251,5,0
252,5,0
1,6,0
2,6,0
3,6,0
4,6,0
5,6,0
6,6,0
7,6,0
8,6,0
9,6,0
10,6,0
11,6,0
12,6,0
13,6,0.00061463
14,6,0
15,6,0
16,6,0
17,6,9.8568e-08
18,6,0
19,6,0
20,6,0
21,6,0
22,6,0
23,6,0
24,6,0
25,6,6.6856e-11
26,6,0
27,6,0
28,6,1.899e-09
29,6,0
30,6,0.00010252
31,6,0
32,6,0
33,6,0
34,6,0
35,6,0
36,6,0
37,6,0
38,6,0
39,6,0
40,6,0
41,6,2.4878e-09
42,6,0
43,6,0
44,6,4.0812e-12
45,6,0
46,6,0
47,6,0
48,6,0
49,6,2.8465e-10
50,6,0
51,6,0
52,6,8.2681e-08
53,6,5.4725e-12
54,6,0
55,6,0
56,6,0
57,6,0
58,6,0.00082548
59,6,0
60,6,2.0434e-10
61,6,1.3067e-11
62,6,2.2037e-09
63,6,0
64,6,1.0943e-08
65,6,0
66,6,0
67,6,0
68,6,1.9214e-09
69,6,0
70,6,0.00013301
71,6,0
72,6,0
73,6,0
74,6,1.411e-09
75,6,0
76,6,0
77,6,0
78,6,4.1639e-05
79,6,4.3107e-30
80,6,0
81,6,0
82,6,0
83,6,0
84,6,0
85,6,0
86,6,9.4678e-10
87,6,0
88,6,0
89,6,0
90,6,0
91,6,0
92,6,0
93,6,0
94,6,3.4922e+08
95,6,0
96,6,0
97,6,0
98,6,0
99,6,0
100,6,0
101,6,0
102,6,8.8001e-10
103,6,7.6542e-13
104,6,5.7203e-10
105,6,0
106,6,0
107,6,0
108,6,0
109,6,5.308e-09
110,6,0.00011568
111,6,0
112,6,0
113,6,0
114,6,0
115,6,0
116,6,0
117,6,0
118,6,0
119,6,0.001848
120,6,3.7317e-05
121,6,0
122,6,0.00058577
123,6,0.00075922
124,6,2.548e-12
125,6,0.00031709
126,6,8.9313e-13
127,6,0
128,6,0.0043089
129,6,0
130,6,0
131,6,0
132,6,0
133,6,0
134,6,0.0012137
135,6,0
136,6,0
137,6,8.0137e-05
138,6,0
139,6,0
140,6,0
141,6,0
142,6,0
143,6,0
144,6,0
145,6,0.00066244
146,6,6.1283e-06
147,6,0
148,6,0
149,6,0.00051504
150,6,0
151,6,0
152,6,0
153,6,0
154,6,3.4913e+08
155,6,0
156,6,9.6699e-35
157,6,0
158,6,0
159,6,3.3431e-10
160,6,5.6517e-09
161,6,3.8139e-09
162,6,0.00028576
163,6,6.0998e-05
164,6,3.1827e-05
165,6,0
166,6,0
167,6,0
168,6,0
169,6,0.00025669
170,6,0
171,6,0
172,6,0
173,6,0
174,6,0
175,6,0
176,6,0
177,6,0
178,6,0
179,6,2.4503e-09
180,6,4.5594e-09
181,6,4.9773e-35
182,6,0
183,6,0
184,6,0
185,6,0
186,6,0
187,6,0
188,6,0
189,6,1.2341e-153
190,6,0
191,6,6.4699e-156
192,6,3.916e-10
193,6,8.9737e-11
194,6,0
195,6,0
196,6,0
197,6,0
198,6,0
199,6,0
200,6,0
201,6,0
202,6,0
203,6,0
204,6,0
205,6,0
206,6,0
207,6,0
208,6,0
209,6,0
210,6,0
211,6,0
212,6,1.0782e-09
213,6,0
214,6,0.00097522
215,6,0
216,6,0
217,6,0
218,6,0
219,6,0
220,6,8.2681e-08
221,6,8.1458e-09
222,6,2.8942e-08
223,6,1.9377e-05
224,6,0
225,6,0
226,6,0
227,6,0
228,6,0
229,6,0
230,6,0
231,6,2.1123e-11
232,6,0
233,6,1.3891e-08
234,6,0
235,6,0
236,6,0
237,6,0
238,6,0
239,6,0
240,6,3.2326e-09
241,6,0
242,6,0
243,6,0
244,6,0
245,6,0
246,6,5.2523e-155
247,6,7.2241e-11
248,6,2.2364e-09
249,6,0
250,6,0
251,6,0
252,6,0
1,7,0
2,7,0
3,7,0
4,7,0
5,7,0
6,7,0
7,7,0
8,7,0
9,7,0
10,7,0
11,7,6.3257e-20
12,7,0
13,7,5.9571e-22
14,7,0
15,7,4.9522e-18
16,7,1.4875e-18
17,7,0
18,7,0
19,7,0
20,7,0
21,7,0
22,7,0
23,7,0.332
24,7,0
25,7,0
26,7,0
27,7,1.8647e-19
28,7,0
29,7,0
30,7,9.5851e-23
31,7,0
32,7,6.8981e-19
33,7,0
34,7,0
35,7,0
36,7,0
37,7,0
38,7,0
39,7,0
40,7,0
41,7,0
42,7,0
43,7,0
44,7,8.3501e-31
45,7,4.7209e-19
46,7,4.184e-18
47,7,9.3429e-19
48,7,0
49,7,0
50,7,0
51,7,0
52,7,2.6838e-26
53,7,1.7445e-30
54,7,1.1278e-18
55,7,0
56,7,0
57,7,0.332
58,7,8.08e-22
59,7,0
60,7,0
61,7,0
62,7,7.1824e-28
63,7,1.3264e-20
64,7,3.5667e-27
65,7,0
66,7,1.8636e-19
67,7,0
68,7,0
69,7,0
70,7,0
71,7,6.2803e-18
72,7,0
73,7,0
74,7,0
75,7,0
76,7,1.3042e-17
77,7,0
78,7,0
79,7,0
80,7,0
81,7,1.9562e-18
82,7,0
83,7,0
84,7,0
85,7,1.1527e-18
86,7,0
87,7,1.263e-19
88,7,0
89,7,0
90,7,9.7821e-19
91,7,0
92,7,3.9937e-19
93,7,0
94,7,0.332
95,7,0
96,7,0
97,7,0
98,7,7.2227e-18
99,7,0
100,7,1.3639e-19
101,7,0
102,7,0
103,7,0
104,7,0
105,7,0
106,7,0
107,7,0
108,7,0
109,7,2.0646e-28
110,7,1.1116e-22
111,7,7.8812e-20
112,7,0
113,7,6.6895e-20
114,7,0
115,7,1.103e-17
116,7,0
117,7,0
118,7,0
119,7,0
120,7,0
121,7,0
122,7,0
123,7,7.2266e-22
124,7,0
125,7,3.0687e-22
126,7,0
127,7,0
128,7,4.3678e-21
129,7,0
130,7,0
131,7,0
132,7,5.8648e-20
133,7,0
134,7,0
135,7,0
136,7,0
137,7,7.4867e-23
138,7,0
139,7,0
140,7,0
141,7,0
142,7,5.0399e-18
143,7,0
144,7,5.0929e-20
145,7,6.4393e-22
146,7,6.0073e-24
147,7,3.1484e-20
148,7,0
149,7,0
150,7,0
151,7,0
152,7,1.7226e-22
153,7,1.8886e-18
154,7,0
155,7,0
156,7,3.1517e-53
157,7,1.1645e-19
158,7,0
159,7,0
160,7,0
161,7,3.4584e-28
162,7,0
163,7,0
164,7,0
165,7,0
166,7,0
167,7,0
168,7,1.3596e-17
169,7,2.5486e-22
170,7,0
171,7,0
172,7,0
173,7,0
174,7,6.1403e-19
175,7,0
176,7,1.5763e-19
177,7,2.0303e-19
178,7,3.5612e-18
179,7,0
180,7,0
181,7,1.6222e-53
182,7,0
183,7,0
184,7,0
185,7,0
186,7,0
187,7,0
188,7,0
189,7,0
190,7,0
191,7,0
192,7,0
193,7,0
194,7,3.7625e-18
195,7,0
196,7,0
197,7,0
198,7,0
199,7,0
200,7,3.1893e-18
201,7,5.7603e-17
202,7,0
203,7,0
204,7,0
205,7,0
206,7,0
207,7,0
208,7,0
209,7,0
210,7,3.5809e-18
211,7,3.3358e-19
212,7,0
213,7,1.7113e-19
214,7,0
215,7,4.583e-19
216,7,0
217,7,0
218,7,0
219,7,0
220,7,2.6838e-26
221,7,7.1815e-28
222,7,5.6748e-27
223,7,1.7866e-23
224,7,0
225,7,0
226,7,0
227,7,0
228,7,0
229,7,0
230,7,0
231,7,0
232,7,1.3264e-20
233,7,0
234,7,0
235,7,0
236,7,0
237,7,0
238,7,0
239,7,0
240,7,0
241,7,4.5075e-18
242,7,0
243,7,0
244,7,0
245,7,3.8309e-19
246,7,0
247,7,0
248,7,0
249,7,0
250,7,0
251,7,0
252,7,0
1,8,0
2,8,0
3,8,0
4,8,0
5,8,0
6,8,0
7,8,0
8,8,0
9,8,0
10,8,0
11,8,0
12,8,0
13,8,2.7457e-20
14,8,0
15,8,0
16,8,0
17,8,0
18,8,0
19,8,0
20,8,0
21,8,0
22,8,0
23,8,0
24,8,0
25,8,4.7729e-28
26,8,0
27,8,0
28,8,1.3557e-26
29,8,0
30,8,0
31,8,0
32,8,3.0486e-17
33,8,1.2022e-17
34,8,0
35,8,0
36,8,0
37,8,0
38,8,5.618e-17
39,8,0
40,8,0
41,8,1.7761e-26
42,8,0
43,8,0
44,8,0
45,8,2.0872e-17
46,8,1.8474e-16
47,8,4.1352e-17
48,8,0
49,8,2.0321e-27
50,8,0
51,8,0
52,8,0
53,8,0
54,8,4.9892e-17
55,8,0
56,8,0
57,8,3.0489
58,8,0
59,8,0
60,8,1.4588e-27
61,8,9.3283e-29
62,8,0
63,8,5.8592e-19
64,8,0
65,8,0
66,8,8.2414e-18
67,8,0
68,8,1.3717e-26
69,8,0
70,8,0
71,8,0
72,8,0
73,8,0
74,8,1.0073e-26
75,8,0
76,8,0
77,8,0
78,8,1.8949e-21
79,8,3.0774e-47
80,8,0
81,8,0
82,8,0
83,8,0
84,8,8.3225e-16
85,8,5.0975e-17
86,8,6.7592e-27
87,8,5.5773e-18
88,8,0
89,8,0
90,8,4.3303e-17
91,8,0
92,8,0
93,8,0
94,8,0
95,8,0
96,8,0
97,8,0
98,8,0
99,8,0
100,8,0
101,8,1.2937e-17
102,8,0
103,8,5.4644e-30
104,8,0
105,8,0
106,8,2.5676e-17
107,8,5.9031e-19
108,8,0
109,8,0
110,8,0
111,8,0
112,8,0
113,8,0
114,8,6.2031e-17
115,8,4.875e-16
116,8,2.8029e-16
117,8,0
118,8,0
119,8,8.6207e-20
120,8,0
121,8,0
122,8,0
123,8,0
124,8,1.819e-29
125,8,1.4147e-20
126,8,6.3761e-30
127,8,0
128,8,1.9991e-19
129,8,0
130,8,8.5498e-18
131,8,0
132,8,0
133,8,1.5641e-16
134,8,5.6381e-20
135,8,0
136,8,0
137,8,0
138,8,0
139,8,3.9072e-16
140,8,0
141,8,0
142,8,0
143,8,0
144,8,2.2709e-18
145,8,0
146,8,0
147,8,1.4026e-18
148,8,0
149,8,0
150,8,0
151,8,3.0489
152,8,7.6079e-21
153,8,8.3387e-17
154,8,0
155,8,0
156,8,0
157,8,0
158,8,0
159,8,2.3867e-27
160,8,4.0348e-26
161,8,0
162,8,0
163,8,0
164,8,1.408e-21
165,8,0
166,8,0
167,8,0
168,8,0
169,8,1.1702e-20
170,8,5.1935e-15
171,8,1.4646e-15
172,8,0
173,8,8.6028e-17
174,8,0
175,8,0
176,8,6.9684e-18
177,8,0
178,8,1.5732e-16
179,8,1.7493e-26
180,8,0
181,8,0
182,8,0
183,8,0
184,8,0
185,8,0
186,8,5.273e-15
187,8,0
188,8,5.9117e-17
189,8,8.8104e-171
190,8,0
191,8,4.6189e-173
192,8,2.7957e-27
193,8,6.4064e-28
194,8,0
195,8,4.7733e-18
196,8,0
197,8,0
198,8,0
199,8,1.1315e-15
200,8,0
201,8,0
202,8,0
203,8,0
204,8,0
205,8,0
206,8,0
207,8,4.1715e-18
208,8,0
209,8,1.6672e-17
210,8,0
211,8,0
212,8,0
213,8,0
214,8,0
215,8,0
216,8,0
217,8,4.0871e-15
218,8,0
219,8,2.6307e-17
220,8,0
221,8,0
222,8,0
223,8,0
224,8,0
225,8,0
226,8,0
227,8,0
228,8,0
229,8,0
230,8,0
231,8,1.508e-28
232,8,0
233,8,9.9171e-26
234,8,1.3121e-16
235,8,0
236,8,0
237,8,0
238,8,0
239,8,0
240,8,2.3078e-26
241,8,1.9902e-16
242,8,1.7341e-17
243,8,0
244,8,0
245,8,1.7019e-17
246,8,3.7496e-172
247,8,5.1574e-28
248,8,1.5966e-26
249,8,0
250,8,0
251,8,0
252,8,0
1,9,0
2,9,0
3,9,0
4,9,0
5,9,0
6,9,0
7,9,0
8,9,0
9,9,0
10,9,0
11,9,9.7508e-20
12,9,6.8015e-20
13,9,9.1826e-22
14,9,1.5739e-17
15,9,7.6336e-18
16,9,2.2929e-18
17,9,3.3063e-26
18,9,6.9752e-18
19,9,0
20,9,8.9717e-18
21,9,4.0073e-18
22,9,4.0547e-17
23,9,0
24,9,0.48376
25,9,0
26,9,1.6876e-19
27,9,2.8743e-19
28,9,0
29,9,0
30,9,0
31,9,0
32,9,1.0633e-18
33,9,4.1902e-19
34,9,4.5648e-18
35,9,0
36,9,0
37,9,0
38,9,1.9467e-18
39,9,3.273e-18
40,9,0
41,9,0
42,9,0
43,9,0
44,9,1.2871e-30
45,9,7.2771e-19
46,9,6.4494e-18
47,9,1.4402e-18
48,9,0
49,9,0
50,9,0
51,9,0
52,9,4.137e-26
53,9,2.6891e-30
54,9,1.7385e-18
55,9,1.7385e-16
56,9,3.6333e-16
57,9,0.48376
58,9,0
59,9,0
60,9,0
61,9,0
62,9,1.1071e-27
63,9,0
64,9,5.498e-27
65,9,0
66,9,0
67,9,0
68,9,0
69,9,0
70,9,1.9058e-22
71,9,0
72,9,0
73,9,6.6406e-19
74,9,0
75,9,4.5671e-17
76,9,0
77,9,0
78,9,6.3595e-23
79,9,0
80,9,6.4881e-19
81,9,3.0154e-18
82,9,0
83,9,1.0524e-16
84,9,2.9003e-17
85,9,1.7768e-18
86,9,0
87,9,1.9469e-19
88,9,0
89,9,0.48376
90,9,0
91,9,2.1399e-18
92,9,0
93,9,2.5992e-19
94,9,0
95,9,1.0677e-17
96,9,2.4629e-18
97,9,0
98,9,0
99,9,5.7138e-19
100,9,2.1024e-19
101,9,4.4719e-19
102,9,0
103,9,0
104,9,1.5064e-28
105,9,0
106,9,0
107,9,0
108,9,0
109,9,0
110,9,0
111,9,1.2149e-19
112,9,0
113,9,1.0312e-19
114,9,2.1565e-18
115,9,1.7003e-17
116,9,9.7715e-18
117,9,2.9102e-17
118,9,8.8524e-19
119,9,2.9063e-21
120,9,5.7889e-23
121,9,1.2683e-19
122,9,8.7803e-22
123,9,1.114e-21
124,9,0
125,9,4.7303e-22
126,9,0
127,9,9.6659e-18
128,9,6.7328e-21
129,9,4.1673e-17
130,9,2.9802e-19
131,9,0
132,9,0
133,9,5.4602e-18
134,9,1.8993e-21
135,9,2.3757e-17
136,9,8.555e-18
137,9,1.154e-22
138,9,2.668e-17
139,9,0
140,9,3.5551e-17
141,9,0
142,9,7.7688e-18
143,9,1.1358e-17
144,9,7.8506e-20
145,9,9.926e-22
146,9,9.2601e-24
147,9,4.8532e-20
148,9,0
149,9,7.915e-22
150,9,0
151,9,0
152,9,2.6553e-22
153,9,2.9111e-18
154,9,0
155,9,9.8467e-17
156,9,4.8582e-53
157,9,0.48376
158,9,0
159,9,0
160,9,0
161,9,5.331e-28
162,9,0
163,9,0
164,9,0
165,9,0
166,9,4.7472e-18
167,9,1.2075e-18
168,9,2.0958e-17
169,9,3.9286e-22
170,9,1.813e-16
171,9,5.0996e-17
172,9,2.4086e-16
173,9,3.0023e-18
174,9,9.465e-19
175,9,1.4846e-19
176,9,2.4298e-19
177,9,0
178,9,0
179,9,0
180,9,9.9249e-28
181,9,2.5006e-53
182,9,1.6649e-17
183,9,0
184,9,1.24e-17
185,9,9.5851e-17
186,9,1.8409e-16
187,9,1.4009e-17
188,9,2.0619e-18
189,9,0
190,9,0
191,9,0
192,9,0
193,9,0
194,9,5.7997e-18
195,9,1.6537e-19
196,9,5.7309e-18
197,9,0
198,9,2.8815e-17
199,9,0
200,9,0
201,9,0
202,9,4.9213e-17
203,9,5.1664e-18
204,9,1.3061e-16
205,9,2.0301e-16
206,9,9.0023e-17
207,9,1.4487e-19
208,9,0
209,9,5.8093e-19
210,9,5.5198e-18
211,9,0
212,9,4.1968e-28
213,9,2.6379e-19
214,9,1.4523e-21
215,9,0
216,9,0
217,9,1.425e-16
218,9,0
219,9,9.1495e-19
220,9,4.137e-26
221,9,0
222,9,8.7475e-27
223,9,2.754e-23
224,9,6.385e-18
225,9,1.0512e-17
226,9,1.4603e-17
227,9,1.4453e-19
228,9,5.6876e-19
229,9,2.9286e-18
230,9,8.2566e-17
231,9,0
232,9,0
233,9,0
234,9,4.5399e-18
235,9,0
236,9,0
237,9,1.4931e-18
238,9,0
239,9,6.3499e-18
240,9,0
241,9,6.9481e-18
242,9,6.0426e-19
243,9,2.4775e-17
244,9,2.1831e-17
245,9,5.9053e-19
246,9,0
247,9,0
248,9,0
249,9,0
250,9,0
251,9,0
252,9,0
1,10,0
2,10,0
3,10,0
4,10,0
5,10,0
6,10,0
7,10,0
8,10,0
9,10,0
10,10,0
11,10,0
12,10,0
13,10,0
14,10,0
15,10,4.3779e-07
16,10,1.3118e-07
17,10,9.3262e-15
18,10,0
19,10,0
20,10,0
21,10,0
22,10,0
23,10,0
24,10,0
25,10,6.0426e-18
26,10,1.0046e-08
27,10,0
28,10,1.7164e-16
29,10,0
30,10,0
31,10,0
32,10,0
33,10,2.4232e-08
34,10,0
35,10,0
36,10,0
37,10,0
38,10,0
39,10,0
40,10,0
41,10,2.2485e-16
42,10,0
43,10,0
44,10,3.8512e-19
45,10,4.1989e-08
46,10,3.6905e-07
47,10,8.3673e-08
48,10,0
49,10,2.5727e-17
50,10,0
51,10,0
52,10,7.9952e-15
53,10,5.2857e-19
54,10,1.0068e-07
55,10,0
56,10,0
57,10,98010
58,10,0
59,10,0
60,10,1.8469e-17
61,10,1.181e-18
62,10,2.1315e-16
63,10,1.1732e-09
64,10,1.0585e-15
65,10,0
66,10,1.6599e-08
67,10,0
68,10,1.7366e-16
69,10,0
70,10,0
71,10,0
72,10,0
73,10,0
74,10,1.2753e-16
75,10,0
76,10,0
77,10,0
78,10,0
79,10,3.8961e-37
80,10,3.8023e-08
81,10,0
82,10,0
83,10,0
84,10,1.6785e-06
85,10,1.027e-07
86,10,8.5572e-17
87,10,1.1148e-08
88,10,0
89,10,0
90,10,0
91,10,0
92,10,0
93,10,1.5123e-08
94,10,0
95,10,0
96,10,0
97,10,0
98,10,6.5576e-07
99,10,0
100,10,1.2403e-08
101,10,0
102,10,7.9571e-17
103,10,6.918e-20
104,10,5.3603e-17
105,10,0
106,10,0
107,10,1.182e-09
108,10,0
109,10,4.8377e-16
110,10,0
111,10,7.4056e-09
112,10,0
113,10,0
114,10,0
115,10,0
116,10,5.642e-07
117,10,0
118,10,0
119,10,0
120,10,0
121,10,0
122,10,0
123,10,0
124,10,2.3029e-19
125,10,0
126,10,8.0722e-20
127,10,0
128,10,0
129,10,0
130,10,0
131,10,3.0314e-08
132,10,5.4736e-09
133,10,0
134,10,0
135,10,0
136,10,0
137,10,0
138,10,0
139,10,0
140,10,0
141,10,0
142,10,0
143,10,0
144,10,0
145,10,0
146,10,0
147,10,2.9352e-09
148,10,0
149,10,0
150,10,0
151,10,0
152,10,1.5219e-11
153,10,1.6659e-07
154,10,0
155,10,98010
156,10,9.3532e-42
157,10,1.0942e-08
158,10,0
159,10,3.0215e-17
160,10,5.1081e-16
161,10,3.5144e-16
162,10,0
163,10,0
164,10,0
165,10,0
166,10,0
167,10,0
168,10,0
169,10,0
170,10,0
171,10,2.9664e-06
172,10,1.3861e-05
173,10,0
174,10,0
175,10,9.0431e-09
176,10,0
177,10,0
178,10,3.1511e-07
179,10,2.2147e-16
180,10,4.2462e-16
181,10,4.8143e-42
182,10,0
183,10,0
184,10,0
185,10,0
186,10,0
187,10,0
188,10,0
189,10,1.1154e-160
190,10,0
191,10,5.8476e-163
192,10,3.5394e-17
193,10,8.1105e-18
194,10,3.3283e-07
195,10,9.9257e-09
196,10,3.2874e-07
197,10,1.166e-06
198,10,0
199,10,2.2838e-06
200,10,0
201,10,0
202,10,0
203,10,0
204,10,0
205,10,0
206,10,0
207,10,0
208,10,7.4733e-09
209,10,3.3645e-08
210,10,3.1636e-07
211,10,3.0204e-08
212,10,1.0275e-16
213,10,1.5106e-08
214,10,0
215,10,0
216,10,0
217,10,0
218,10,0
219,10,0
220,10,7.9952e-15
221,10,7.5021e-16
222,10,2.7263e-15
223,10,0
224,10,0
225,10,0
226,10,0
227,10,0
228,10,3.2931e-08
229,10,0
230,10,0
231,10,1.9091e-18
232,10,1.1732e-09
233,10,1.2555e-15
234,10,0
235,10,0
236,10,0
237,10,0
238,10,0
239,10,0
240,10,2.9217e-16
241,10,3.9761e-07
242,10,0
243,10,0
244,10,0
245,10,0
246,10,4.7471e-162
247,10,6.5293e-18
248,10,2.0213e-16
249,10,0
250,10,0
251,10,0
252,10,0
1,11,0
2,11,0
3,11,0
4,11,0
5,11,0
6,11,0
7,11,0
8,11,0
9,11,0
10,11,0
11,11,0
12,11,0
13,11,0
14,11,0
15,11,9.7389e-09
16,11,2.9189e-09
17,11,1.9141e-16
18,11,0
19,11,0
20,11,0
21,11,0
22,11,0
23,11,0
24,11,0
25,11,1.2136e-19
26,11,2.2268e-10
27,11,0
28,11,3.4472e-18
29,11,0
30,11,0
31,11,0
32,11,0
33,11,5.3862e-10
34,11,0
35,11,0
36,11,0
37,11,0
38,11,0
39,11,0
40,11,0
41,11,4.516e-18
42,11,0
43,11,0
44,11,7.8945e-21
45,11,9.3352e-10
46,11,8.2114e-09
47,11,1.859e-09
48,11,0
49,11,5.1671e-19
50,11,0
51,11,0
52,11,1.6571e-16
53,11,1.095e-20
54,11,2.2375e-09
55,11,0
56,11,0
57,11,0
58,11,0
59,11,0
60,11,3.7094e-19
61,11,2.3719e-20
62,11,4.4184e-18
63,11,2.6098e-11
64,11,2.1941e-17
65,11,0
66,11,3.6899e-10
67,11,0
68,11,3.4878e-18
69,11,0
70,11,0
71,11,0
72,11,0
73,11,0
74,11,2.5613e-18
75,11,18718
76,11,0
77,11,0
78,11,0
79,11,7.825e-39
80,11,8.441e-10
81,11,0
82,11,0
83,11,0
84,11,3.7306e-08
85,11,2.2829e-09
86,11,1.7186e-18
87,11,2.4803e-10
88,11,0
89,11,0
90,11,0
91,11,0
92,11,0
93,11,3.3595e-10
94,11,0
95,11,0
96,11,0
97,11,0
98,11,1.455e-08
99,11,0
100,11,2.7515e-10
101,11,0
102,11,1.5985e-18
103,11,1.3894e-21
104,11,1.0953e-18
105,11,0
106,11,0
107,11,2.6293e-11
108,11,0
109,11,9.7556e-18
110,11,0
111,11,1.6379e-10
112,11,18718
113,11,0
114,11,0
115,11,0
116,11,1.2543e-08
117,11,0
118,11,0
119,11,0
120,11,0
121,11,0
122,11,0
123,11,0
124,11,4.6253e-21
125,11,0
126,11,1.6212e-21
127,11,0
128,11,0
129,11,0
130,11,0
131,11,6.7378e-10
132,11,1.2114e-10
133,11,0
134,11,0
135,11,0
136,11,0
137,11,0
138,11,0
139,11,0
140,11,0
141,11,0
142,11,0
143,11,0
144,11,0
145,11,0
146,11,0
147,11,6.4965e-11
148,11,0
149,11,0
150,11,0
151,11,0
152,11,3.3858e-13
153,11,3.7066e-09
154,11,0
155,11,0
156,11,1.9388e-43
157,11,2.4202e-10
158,11,0
159,11,6.0686e-19
160,11,1.0259e-17
161,11,7.1245e-18
162,11,0
163,11,0
164,11,0
165,11,0
166,11,0
167,11,0
168,11,0
169,11,0
170,11,0
171,11,6.5899e-08
172,11,3.0824e-07
173,11,0
174,11,0
175,11,2.0002e-10
176,11,0
177,11,0
178,11,7.0092e-09
179,11,4.448e-18
180,11,8.6514e-18
181,11,9.9795e-44
182,11,0
183,11,18718
184,11,0
185,11,0
186,11,0
187,11,0
188,11,0
189,11,2.2402e-162
190,11,0
191,11,1.1744e-164
192,11,7.1086e-19
193,11,1.6289e-19
194,11,7.4035e-09
195,11,2.1985e-10
196,11,7.3129e-09
197,11,2.5933e-08
198,11,0
199,11,5.0755e-08
200,11,0
201,11,0
202,11,0
203,11,0
204,11,0
205,11,0
206,11,0
207,11,0
208,11,1.6596e-10
209,11,7.4774e-10
210,11,7.0381e-09
211,11,6.7035e-10
212,11,2.1156e-18
213,11,3.3609e-10
214,11,0
215,11,0
216,11,0
217,11,0
218,11,0
219,11,0
220,11,1.6571e-16
221,11,1.5205e-17
222,11,5.5841e-17
223,11,0
224,11,0
225,11,0
226,11,0
227,11,0
228,11,7.319e-10
229,11,0
230,11,0
231,11,3.8344e-20
232,11,2.6098e-11
233,11,2.5216e-17
234,11,0
235,11,0
236,11,0
237,11,0
238,11,0
239,11,0
240,11,5.868e-18
241,11,8.8469e-09
242,11,0
243,11,0
244,11,0
245,11,0
246,11,9.5342e-164
247,11,1.3114e-19
248,11,4.0596e-18
249,11,0
250,11,0
251,11,0
252,11,0
1,12,0
2,12,0
3,12,0
4,12,0
5,12,0
6,12,0
7,12,0
8,12,0
9,12,0
10,12,0
11,12,0
12,12,0
13,12,2.5909e-06
14,12,0
15,12,0
16,12,0
17,12,4.1154e-10
18,12,0
19,12,0
20,12,0
21,12,0
22,12,0
23,12,0
24,12,0
25,12,2.7837e-13
26,12,0
27,12,0
28,12,7.907e-12
29,12,0
30,12,4.3199e-07
31,12,0
32,12,0
33,12,0
34,12,0
35,12,0
36,12,0
37,12,0
38,12,0
39,12,0
40,12,0
41,12,1.0359e-11
42,12,0
43,12,0
44,12,1.7037e-14
45,12,0
46,12,0
47,12,0
48,12,0
49,12,1.1852e-12
50,12,0
51,12,0
52,12,3.4568e-10
53,12,2.2878e-14
54,12,0
55,12,0
56,12,7.5421e+06
57,12,0
58,12,3.4802e-06
59,12,0
60,12,8.5082e-13
61,12,5.4405e-14
62,12,9.2135e-12
63,12,0
64,12,4.5754e-11
65,12,0
66,12,0
67,12,0
68,12,7.9999e-12
69,12,0
70,12,5.604e-07
71,12,0
72,12,0
73,12,0
74,12,5.8749e-12
75,12,0
76,12,0
77,12,0
78,12,1.7558e-07
79,12,1.7948e-32
80,12,0
81,12,0
82,12,0
83,12,0
84,12,0
85,12,0
86,12,3.9421e-12
87,12,0
88,12,0
89,12,0
90,12,0
91,12,0
92,12,0
93,12,0
94,12,0
95,12,0
96,12,0
97,12,0
98,12,0
99,12,0
100,12,0
101,12,0
102,12,3.6642e-12
103,12,3.187e-15
104,12,2.3869e-12
105,12,0
106,12,0
107,12,0
108,12,0
109,12,2.2112e-11
110,12,4.8757e-07
111,12,0
112,12,0
113,12,0
114,12,0
115,12,0
116,12,0
117,12,0
118,12,0
119,12,7.7953e-06
120,12,1.5738e-07
121,12,0
122,12,2.4694e-06
123,12,3.1997e-06
124,12,1.0609e-14
125,12,1.3367e-06
126,12,3.7187e-15
127,12,0
128,12,1.8175e-05
129,12,0
130,12,0
131,12,0
132,12,0
133,12,0
134,12,5.1194e-06
135,12,0
136,12,0
137,12,3.3766e-07
138,12,0
139,12,0
140,12,0
141,12,0
142,12,0
143,12,0
144,12,0
145,12,2.7926e-06
146,12,2.5837e-08
147,12,0
148,12,0
149,12,2.1719e-06
150,12,0
151,12,0
152,12,0
153,12,0
154,12,7.5442e+06
155,12,0
156,12,4.0429e-37
157,12,0
158,12,0
159,12,1.392e-12
160,12,2.3532e-11
161,12,1.5898e-11
162,12,1.2053e-06
163,12,2.57e-07
164,12,1.3415e-07
165,12,0
166,12,0
167,12,0
168,12,0
169,12,1.0824e-06
170,12,0
171,12,0
172,12,0
173,12,0
174,12,0
175,12,0
176,12,0
177,12,0
178,12,0
179,12,1.0202e-11
180,12,1.9018e-11
181,12,2.081e-37
182,12,0
183,12,0
184,12,0
185,12,0
186,12,0
187,12,0
188,12,0
189,12,5.1384e-156
190,12,0
191,12,2.6939e-158
192,12,1.6305e-12
193,12,3.7363e-13
194,12,0
195,12,0
196,12,0
197,12,0
198,12,0
199,12,0
200,12,0
201,12,0
202,12,0
203,12,0
204,12,0
205,12,0
206,12,0
207,12,0
208,12,0
209,12,0
210,12,0
211,12,0
212,12,4.5036e-12
213,12,0
214,12,4.1108e-06
215,12,0
216,12,0
217,12,0
218,12,0
219,12,0
220,12,3.4568e-10
221,12,3.3955e-11
222,12,1.2081e-10
223,12,8.1633e-08
224,12,0
225,12,0
226,12,0
227,12,0
228,12,0
229,12,0
230,12,0
231,12,8.795e-14
232,12,0
233,12,5.7839e-11
234,12,0
235,12,0
236,12,0
237,12,0
238,12,0
239,12,0
240,12,1.346e-11
241,12,0
242,12,0
243,12,0
244,12,0
245,12,0
246,12,2.1869e-157
247,12,3.0079e-13
248,12,9.3117e-12
249,12,0
250,12,0
251,12,0
252,12,0
1,13,0
2,13,0
3,13,0
4,13,0
5,13,0
6,13,0
7,13,0
8,13,0
9,13,0
10,13,0
11,13,0
12,13,0
13,13,0
14,13,0
15,13,0
16,13,0
17,13,0
18,13,0
19,13,0
20,13,0
21,13,0
22,13,0
23,13,0
24,13,21.979
25,13,0
26,13,0
27,13,0
28,13,0
29,13,0
30,13,0
31,13,0
32,13,0
33,13,0
34,13,0
35,13,0
36,13,0
37,13,0
38,13,0
39,13,0
40,13,0
41,13,0
42,13,0
43,13,0
44,13,0
45,13,0
46,13,0
47,13,0
48,13,0
49,13,0
50,13,0
51,13,0
52,13,0
53,13,0
54,13,0
55,13,0
56,13,0
57,13,0
58,13,0
59,13,0
60,13,0
61,13,0
62,13,0
63,13,0
64,13,0
65,13,0
66,13,0
67,13,0
68,13,0
69,13,0
70,13,0
71,13,0
72,13,0
73,13,0
74,13,0
75,13,0
76,13,0
77,13,0
78,13,0
79,13,0
80,13,0
81,13,0
82,13,0
83,13,0
84,13,0
85,13,0
86,13,0
87,13,0
88,13,0
89,13,0
90,13,0
91,13,0
92,13,0
93,13,0
94,13,21.979
95,13,0
96,13,0
97,13,0
98,13,0
99,13,0
100,13,0
101,13,0
102,13,0
103,13,0
104,13,0
105,13,0
106,13,0
107,13,0
108,13,0
109,13,0
110,13,0
111,13,0
112,13,0
113,13,0
114,13,0
115,13,0
116,13,0
117,13,0
118,13,0
119,13,0
120,13,0
121,13,0
122,13,0
123,13,0
124,13,0
125,13,0
126,13,0
127,13,0
128,13,0
129,13,0
130,13,0
131,13,0
132,13,0
133,13,0
134,13,0
135,13,0
136,13,0
137,13,0
138,13,0
139,13,0
140,13,0
141,13,0
142,13,0
143,13,0
144,13,0
145,13,0
146,13,0
147,13,0
148,13,0
149,13,0
150,13,21.979
151,13,0
152,13,0
153,13,0
154,13,0
155,13,0
156,13,0
157,13,0
158,13,0
159,13,0
160,13,0
161,13,0
162,13,0
163,13,0
164,13,0
165,13,0
166,13,0
167,13,0
168,13,0
169,13,0
170,13,0
171,13,0
172,13,0
173,13,0
174,13,0
175,13,0
176,13,0
177,13,0
178,13,0
179,13,0
180,13,0
181,13,0
182,13,0
183,13,0
184,13,0
185,13,21.979
186,13,0
187,13,0
188,13,0
189,13,0
190,13,0
191,13,0
192,13,0
193,13,0
194,13,0
195,13,0
196,13,0
197,13,0
198,13,0
199,13,0
200,13,0
201,13,0
202,13,0
203,13,0
204,13,0
205,13,0
206,13,0
207,13,0
208,13,0
209,13,0
210,13,0
211,13,0
212,13,0
213,13,0
214,13,0
215,13,0
216,13,0
217,13,0
218,13,0
219,13,0
220,13,0
221,13,0
222,13,0
223,13,0
224,13,0
225,13,0
226,13,0
227,13,0
228,13,0
229,13,0
230,13,0
231,13,0
232,13,0
233,13,0
234,13,0
235,13,0
236,13,0
237,13,0
238,13,0
239,13,0
240,13,0
241,13,0
242,13,0
243,13,0
244,13,0
245,13,0
246,13,0
247,13,0
248,13,0
249,13,0
250,13,0
251,13,0
252,13,0
1,14,0
2,14,0
3,14,0
4,14,0
5,14,0
6,14,0
7,14,0
8,14,0
9,14,0
10,14,0
11,14,0
12,14,0
13,14,0
14,14,0
15,14,0
16,14,0
17,14,0
18,14,0
19,14,0
20,14,0
21,14,0
22,14,0
23,14,0
24,14,0
25,14,0
26,14,0
27,14,0
28,14,0
29,14,0
30,14,0
31,14,0
32,14,0
33,14,0
34,14,0
35,14,0
36,14,0
37,14,0
38,14,0
39,14,0
40,14,0
41,14,0
42,14,0
43,14,0
44,14,0
45,14,0
46,14,0
47,14,0
48,14,0
49,14,0
50,14,0
51,14,0
52,14,0
53,14,0
54,14,0
55,14,0
56,14,0
57,14,0
58,14,0
59,14,0
60,14,0
61,14,0
62,14,0
63,14,0
64,14,0
65,14,0
66,14,0
67,14,0
68,14,0
69,14,0
70,14,0
71,14,0
72,14,0
73,14,0
74,14,0
75,14,0
76,14,0
77,14,0
78,14,0
79,14,0
80,14,0
81,14,0
82,14,0
83,14,0
84,14,0
85,14,0
86,14,0
87,14,0
88,14,0
89,14,0
90,14,0
91,14,0
92,14,0
93,14,0
94,14,0
95,14,0
96,14,0
97,14,0
98,14,0
99,14,0
100,14,0
101,14,0
102,14,0
103,14,0
104,14,0
105,14,0
106,14,0
107,14,0
108,14,0
109,14,0
110,14,0
111,14,0
112,14,0
113,14,0
114,14,0
115,14,0
116,14,0
117,14,0
118,14,0
119,14,0
120,14,0
121,14,0
122,14,0
123,14,0
124,14,0
125,14,0
126,14,0
127,14,0
128,14,0
129,14,0
130,14,0
131,14,0
132,14,0
133,14,0
134,14,0
135,14,0
136,14,0
137,14,0
138,14,0
139,14,0
140,14,0
141,14,0
142,14,0
143,14,0
144,14,0
145,14,0
146,14,0
147,14,0
148,14,0
149,14,0
150,14,0
151,14,0
152,14,0
153,14,0
154,14,0
155,14,51435
156,14,0
157,14,0
158,14,0
159,14,0
160,14,0
161,14,0
162,14,0
163,14,0
164,14,0
165,14,0
166,14,0
167,14,0
168,14,0
169,14,0
170,14,0
171,14,0
172,14,0
173,14,0
174,14,0
175,14,0
176,14,0
177,14,0
178,14,0
179,14,0
180,14,0
181,14,0
182,14,0
183,14,0
184,14,0
185,14,0
186,14,0
187,14,0
188,14,0
189,14,0
190,14,0
191,14,0
192,14,0
193,14,0
194,14,0
195,14,0
196,14,0
197,14,0
198,14,0
199,14,0
200,14,0
201,14,0
202,14,0
203,14,0
204,14,0
205,14,0
206,14,0
207,14,0
208,14,0
209,14,0
210,14,0
211,14,0
212,14,0
213,14,0
214,14,0
215,14,0
216,14,0
217,14,0
218,14,0
219,14,0
220,14,0
221,14,0
222,14,0
223,14,0
224,14,0
225,14,0
226,14,0
227,14,0
228,14,0
229,14,0
230,14,0
231,14,0
232,14,0
233,14,0
234,14,0
235,14,0
236,14,0
237,14,0
238,14,0
239,14,0
240,14,0
241,14,0
242,14,0
243,14,0
244,14,0
245,14,0
246,14,0
247,14,0
248,14,0
249,14,0
250,14,0
251,14,0
252,14,0
1,15,0
2,15,0
3,15,0
4,15,0
5,15,0
6,15,0
7,15,0
8,15,0
9,15,0
10,15,0
11,15,0
12,15,0
13,15,8.4809e-22
14,15,1.4536e-17
15,15,7.0503e-18
16,15,0
17,15,0
18,15,0
19,15,2.9762e-18
20,15,8.2861e-18
21,15,3.701e-18
22,15,3.7448e-17
23,15,0
24,15,0
25,15,0
26,15,0
27,15,2.6547e-19
28,15,0
29,15,0
30,15,1.3646e-22
31,15,0
32,15,9.8205e-19
33,15,3.87e-19
34,15,0
35,15,1.9923e-17
36,15,0
37,15,5.032e-18
38,15,1.798e-18
39,15,3.0229e-18
40,15,0
41,15,0
42,15,0
43,15,0
44,15,1.1888e-30
45,15,6.721e-19
46,15,5.9566e-18
47,15,1.3301e-18
48,15,0
49,15,0
50,15,0
51,15,1.9417e-17
52,15,3.8209e-26
53,15,2.4836e-30
54,15,1.6057e-18
55,15,0
56,15,0
57,15,0
58,15,0
59,15,0
60,15,0
61,15,0
62,15,1.0225e-27
63,15,1.8884e-20
64,15,5.0778e-27
65,15,0
66,15,2.6532e-19
67,15,0
68,15,0
69,15,0
70,15,0
71,15,0
72,15,0
73,15,6.1331e-19
74,15,0
75,15,0
76,15,0
77,15,0
78,15,5.8735e-23
79,15,0
80,15,5.9923e-19
81,15,2.785e-18
82,15,1.3546e-18
83,15,9.7199e-17
84,15,2.6787e-17
85,15,1.641e-18
86,15,0
87,15,1.7981e-19
88,15,8.3538e-18
89,15,0
90,15,0
91,15,0
92,15,0
93,15,2.4005e-19
94,15,0
95,15,0
96,15,0
97,15,6.472e-17
98,15,1.0283e-17
99,15,5.2771e-19
100,15,1.9417e-19
101,15,4.1301e-19
102,15,0
103,15,0
104,15,1.3913e-28
105,15,0
106,15,8.2333e-19
107,15,1.9025e-20
108,15,0
109,15,0
110,15,0
111,15,1.122e-19
112,15,0
113,15,0
114,15,0
115,15,1.5704e-17
116,15,9.0247e-18
117,15,2.6878e-17
118,15,8.1759e-19
119,15,2.6842e-21
120,15,5.3465e-23
121,15,1.1714e-19
122,15,8.1093e-22
123,15,0
124,15,0
125,15,0
126,15,0
127,15,0
128,15,0
129,15,3.8488e-17
130,15,0
131,15,0
132,15,0
133,15,5.0429e-18
134,15,1.7542e-21
135,15,2.1942e-17
136,15,7.9012e-18
137,15,1.0659e-22
138,15,2.4641e-17
139,15,1.2522e-17
140,15,0
141,15,0
142,15,0.26518
143,15,0
144,15,7.2506e-20
145,15,0
146,15,8.5524e-24
147,15,4.4823e-20
148,15,0
149,15,0
150,15,0
151,15,0
152,15,0
153,15,2.6887e-18
154,15,0
155,15,0
156,15,4.4869e-53
157,15,1.6578e-19
158,15,0
159,15,0
160,15,0
161,15,0
162,15,0
163,15,8.0602e-23
164,15,0
165,15,0
166,15,0
167,15,1.1152e-18
168,15,1.9356e-17
169,15,3.6284e-22
170,15,1.6745e-16
171,15,4.7099e-17
172,15,0
173,15,0
174,15,8.7417e-19
175,15,0
176,15,2.2441e-19
177,15,0
178,15,5.07e-18
179,15,0
180,15,0
181,15,2.3095e-53
182,15,1.5376e-17
183,15,0
184,15,0
185,15,0
186,15,1.7002e-16
187,15,0
188,15,0
189,15,0
190,15,0
191,15,0
192,15,0
193,15,0
194,15,5.3565e-18
195,15,1.5273e-19
196,15,5.2929e-18
197,15,0
198,15,0
199,15,3.6413e-17
200,15,4.5405e-18
201,15,0
202,15,0
203,15,0
204,15,0
205,15,0
206,15,0
207,15,0
208,15,1.1824e-19
209,15,5.3654e-19
210,15,5.098e-18
211,15,0
212,15,3.8761e-28
213,15,2.4363e-19
214,15,1.3414e-21
215,15,6.5246e-19
216,15,1.7222e-18
217,15,1.3161e-16
218,15,0
219,15,8.4503e-19
220,15,3.8209e-26
221,15,0
222,15,8.079e-27
223,15,2.5435e-23
224,15,0
225,15,9.7089e-18
226,15,1.3487e-17
227,15,1.3348e-19
228,15,5.2529e-19
229,15,2.7048e-18
230,15,7.6256e-17
231,15,0
232,15,0
233,15,0
234,15,4.193e-18
235,15,0
236,15,0
237,15,0
238,15,0
239,15,5.8646e-18
240,15,0
241,15,6.4171e-18
242,15,0
243,15,2.2882e-17
244,15,2.0163e-17
245,15,5.454e-19
246,15,0
247,15,0
248,15,0
249,15,0
250,15,0
251,15,0
252,15,0
1,16,0
2,16,0
3,16,0
4,16,0
5,16,0
6,16,0
7,16,0
8,16,0
9,16,0
10,16,0
11,16,0
12,16,0
13,16,0
14,16,0
15,16,0
16,16,0
17,16,0
18,16,0
19,16,0
20,16,0
21,16,0
22,16,0
23,16,0
24,16,0
25,16,0
26,16,0
27,16,0
28,16,0
29,16,0
30,16,0
31,16,0
32,16,0
33,16,0
34,16,0
35,16,0
36,16,0
37,16,0
38,16,0
39,16,0
40,16,0
41,16,0
42,16,0
43,16,0
44,16,0
45,16,0
46,16,0
47,16,0
48,16,0
49,16,0
50,16,0
51,16,0
52,16,0
53,16,0
54,16,0
55,16,0
56,16,0
57,16,0
58,16,0
59,16,0
60,16,0
61,16,0
62,16,0
63,16,0
64,16,0
65,16,0
66,16,0
67,16,0
68,16,0
69,16,0
70,16,0
71,16,0
72,16,0
73,16,0
74,16,0
75,16,0
76,16,0
77,16,0
78,16,0
79,16,0
80,16,0
81,16,0
82,16,0
83,16,0
84,16,0
85,16,0
86,16,0
87,16,0
88,16,0
89,16,3307.7
90,16,0
91,16,0
92,16,0
93,16,0
94,16,0
95,16,0
96,16,0
97,16,0
98,16,0
99,16,0
100,16,0
101,16,0
102,16,0
103,16,0
104,16,0
105,16,0
106,16,0
107,16,0
108,16,0
109,16,0
110,16,0
111,16,0
112,16,0
113,16,0
114,16,0
115,16,0
116,16,0
117,16,0
118,16,0
119,16,0
120,16,0
121,16,0
122,16,0
123,16,0
124,16,0
125,16,0
126,16,0
127,16,0
128,16,0
129,16,0
130,16,0
131,16,0
132,16,0
133,16,0
134,16,0
135,16,0
136,16,0
137,16,0
138,16,0
139,16,0
140,16,0
141,16,0
142,16,0
143,16,0
144,16,0
145,16,0
146,16,0
147,16,0
148,16,0
149,16,0
150,16,0
151,16,0
152,16,0
153,16,0
154,16,0
155,16,0
156,16,0
157,16,0
158,16,0
159,16,0
160,16,0
161,16,0
162,16,0
163,16,0
164,16,0
165,16,0
166,16,0
167,16,0
168,16,0
169,16,0
170,16,0
171,16,0
172,16,0
173,16,0
174,16,0
175,16,0
176,16,0
177,16,0
178,16,0
179,16,0
180,16,0
181,16,0
182,16,0
183,16,0
184,16,0
185,16,0
186,16,0
187,16,0
188,16,0
189,16,0
190,16,0
191,16,0
192,16,0
193,16,0
194,16,0
195,16,0
196,16,0
197,16,0
198,16,0
199,16,0
200,16,0
201,16,0
202,16,0
203,16,0
204,16,0
205,16,0
206,16,0
207,16,0
208,16,0
209,16,0
210,16,0
211,16,0
212,16,0
213,16,0
214,16,0
215,16,0
216,16,0
217,16,0
218,16,0
219,16,0
220,16,0
221,16,0
222,16,0
223,16,0
224,16,0
225,16,0
226,16,0
227,16,0
228,16,0
229,16,0
230,16,0
231,16,0
232,16,0
233,16,0
234,16,0
235,16,0
236,16,0
237,16,0
238,16,0
239,16,0
240,16,0
241,16,0
242,16,0
243,16,0
244,16,0
245,16,0
246,16,0
247,16,0
248,16,0
249,16,0
250,16,0
251,16,0
252,16,0
1,17,0
2,17,0
3,17,0
4,17,0
5,17,0
6,17,0
7,17,0
8,17,0
9,17,0
10,17,0
11,17,0
12,17,0
13,17,0
14,17,0
15,17,0
16,17,0
17,17,0
18,17,0
19,17,0
20,17,0
21,17,0
22,17,0
23,17,0
24,17,0
25,17,0
26,17,0
27,17,0
28,17,0
29,17,0
30,17,0
31,17,0
32,17,0
33,17,0
34,17,0
35,17,0
36,17,0
37,17,0
38,17,0
39,17,0
40,17,0
41,17,0
42,17,0
43,17,0
44,17,0
45,17,0
46,17,0
47,17,0
48,17,0
49,17,0
50,17,0
51,17,0
52,17,0
53,17,0
54,17,0
55,17,0
56,17,0
57,17,5.9846e+06
58,17,0
59,17,0
60,17,0
61,17,0
62,17,0
63,17,0
64,17,0
65,17,0
66,17,0
67,17,0
68,17,0
69,17,0
70,17,0
71,17,0
72,17,0
73,17,0
74,17,0
75,17,0
76,17,0
77,17,0
78,17,0
79,17,0
80,17,0
81,17,0
82,17,0
83,17,0
84,17,0
85,17,0
86,17,0
87,17,0
88,17,0
89,17,5.9846e+06
90,17,0
91,17,0
92,17,0
93,17,0
94,17,0
95,17,0
96,17,0
97,17,0
98,17,0
99,17,0
100,17,0
101,17,0
102,17,0
103,17,0
104,17,0
105,17,0
106,17,0
107,17,0
108,17,0
109,17,0
110,17,0
111,17,0
112,17,0
113,17,0
114,17,0
115,17,0
116,17,0
117,17,0
118,17,0
119,17,0
120,17,0
121,17,0
122,17,0
123,17,0
124,17,0
125,17,0
126,17,0
127,17,0
128,17,0
129,17,0
130,17,0
131,17,0
132,17,0
133,17,0
134,17,0
135,17,0
136,17,0
137,17,0
138,17,0
139,17,0
140,17,0
141,17,0
142,17,0
143,17,0
144,17,0
145,17,0
146,17,0
147,17,0
148,17,0
149,17,0
150,17,0
151,17,0
152,17,0
153,17,0
154,17,0
155,17,0
156,17,0
157,17,0
158,17,0
159,17,0
160,17,0
161,17,0
162,17,0
163,17,0
164,17,0
165,17,0
166,17,0
167,17,0
168,17,0
169,17,0
170,17,0
171,17,0
172,17,0
173,17,0
174,17,0
175,17,0
176,17,0
177,17,0
178,17,0
179,17,0
180,17,0
181,17,0
182,17,0
183,17,0
184,17,0
185,17,0
186,17,0
187,17,0
188,17,0
189,17,0
190,17,0
191,17,0
192,17,0
193,17,0
194,17,0
195,17,0
196,17,0
197,17,0
198,17,0
199,17,0
200,17,0
201,17,0
202,17,0
203,17,0
204,17,0
205,17,0
206,17,0
207,17,0
208,17,0
209,17,0
210,17,0
211,17,0
212,17,0
213,17,0
214,17,0
215,17,0
216,17,0
217,17,0
218,17,0
219,17,0
220,17,0
221,17,0
222,17,0
223,17,0
224,17,0
225,17,0
226,17,0
227,17,0
228,17,0
229,17,0
230,17,0
231,17,0
232,17,0
233,17,0
234,17,0
235,17,0
236,17,0
237,17,0
238,17,0
239,17,0
240,17,0
241,17,0
242,17,0
243,17,0
244,17,0
245,17,0
246,17,0
247,17,0
248,17,0
249,17,0
250,17,0
251,17,0
252,17,0
1,18,0
2,18,0
3,18,0
4,18,0
5,18,0
6,18,0
7,18,0
8,18,0
9,18,0
10,18,0
11,18,0
12,18,0
13,18,0
14,18,2.295e-17
15,18,0
16,18,3.3434e-18
17,18,4.8211e-26
18,18,0
19,18,0
20,18,0
21,18,0
22,18,0
23,18,0
24,18,1.8142e-16
25,18,0
26,18,0
27,18,4.1912e-19
28,18,0
29,18,0
30,18,0
31,18,0
32,18,1.5505e-18
33,18,0
34,18,6.6561e-18
35,18,0
36,18,0
37,18,0
38,18,0
39,18,4.7725e-18
40,18,0
41,18,0
42,18,0
43,18,0
44,18,1.8768e-30
45,18,1.0611e-18
46,18,9.4042e-18
47,18,2.1e-18
48,18,1.8754e-16
49,18,0
50,18,0
51,18,0
52,18,6.0323e-26
53,18,3.9211e-30
54,18,2.535e-18
55,18,0
56,18,0
57,18,0
58,18,0
59,18,0
60,18,0
61,18,0
62,18,1.6144e-27
63,18,2.9813e-20
64,18,8.0168e-27
65,18,0
66,18,4.1889e-19
67,18,0
68,18,0
69,18,0
70,18,0
71,18,0
72,18,0
73,18,0
74,18,0
75,18,0
76,18,2.9315e-17
77,18,0
78,18,0
79,18,0
80,18,9.4606e-19
81,18,4.3969e-18
82,18,2.1386e-18
83,18,1.5346e-16
84,18,4.229e-17
85,18,2.5908e-18
86,18,0
87,18,2.8389e-19
88,18,0
89,18,0
90,18,2.1987e-18
91,18,0
92,18,0
93,18,3.7899e-19
94,18,0
95,18,1.5568e-17
96,18,0
97,18,0
98,18,0
99,18,0
100,18,3.0656e-19
101,18,6.5206e-19
102,18,0
103,18,0
104,18,2.1965e-28
105,18,0
106,18,1.2999e-18
107,18,3.0037e-20
108,18,0
109,18,4.6406e-28
110,18,0
111,18,1.7714e-19
112,18,0
113,18,1.5036e-19
114,18,3.1445e-18
115,18,2.4793e-17
116,18,0
117,18,4.2434e-17
118,18,1.2908e-18
119,18,0
120,18,8.441e-23
121,18,0
122,18,1.2803e-21
123,18,0
124,18,0
125,18,0
126,18,0
127,18,1.4094e-17
128,18,9.8174e-21
129,18,6.0764e-17
130,18,4.3455e-19
131,18,7.6382e-19
132,18,1.3182e-19
133,18,7.9617e-18
134,18,0
135,18,0
136,18,1.2474e-17
137,18,1.6828e-22
138,18,0
139,18,0
140,18,0
141,18,0
142,18,0
143,18,1.6561e-17
144,18,0
145,18,1.4473e-21
146,18,1.3502e-23
147,18,7.0766e-20
148,18,0
149,18,0
150,18,0
151,18,0
152,18,0
153,18,4.2448e-18
154,18,0
155,18,0
156,18,7.084e-53
157,18,0
158,18,0
159,18,0
160,18,0
161,18,7.7733e-28
162,18,6.5011e-22
163,18,0
164,18,6.8533e-23
165,18,0
166,18,0
167,18,1.7607e-18
168,18,0
169,18,5.7285e-22
170,18,2.6437e-16
171,18,7.4359e-17
172,18,0
173,18,0
174,18,1.3801e-18
175,18,0
176,18,3.5429e-19
177,18,4.5634e-19
178,18,0
179,18,0
180,18,0
181,18,3.6463e-53
182,18,0
183,18,0
184,18,0
185,18,0.48175
186,18,2.6843e-16
187,18,2.0426e-17
188,18,3.0065e-18
189,18,0
190,18,0
191,18,0
192,18,0
193,18,0
194,18,8.4567e-18
195,18,2.4113e-19
196,18,0
197,18,0
198,18,0
199,18,5.7489e-17
200,18,7.1685e-18
201,18,0
202,18,0
203,18,7.5334e-18
204,18,0
205,18,0
206,18,0
207,18,0
208,18,1.8668e-19
209,18,8.4708e-19
210,18,0
211,18,7.4977e-19
212,18,6.1196e-28
213,18,3.8465e-19
214,18,2.1177e-21
215,18,1.0301e-18
216,18,2.719e-18
217,18,2.0779e-16
218,18,0
219,18,1.3341e-18
220,18,6.0323e-26
221,18,1.6142e-27
222,18,1.2755e-26
223,18,4.0156e-23
224,18,0
225,18,0
226,18,2.1293e-17
227,18,2.1074e-19
228,18,8.2933e-19
229,18,0
230,18,0
231,18,0
232,18,2.9813e-20
233,18,0
234,18,6.6198e-18
235,18,0
236,18,0
237,18,0
238,18,1.0841e-16
239,18,0
240,18,0
241,18,1.0131e-17
242,18,8.811e-19
243,18,3.6126e-17
244,18,0
245,18,8.6107e-19
246,18,0
247,18,0
248,18,0
249,18,0
250,18,0
251,18,0
252,18,0
1,19,0
2,19,0
3,19,0
4,19,0
5,19,0
6,19,0
7,19,0
8,19,0
9,19,0
10,19,0
11,19,0
12,19,0
13,19,2.8812e-19
14,19,0
15,19,0
16,19,0
17,19,0
18,19,0
19,19,0
20,19,0
21,19,0
22,19,0
23,19,0
24,19,0
25,19,9.987e-27
26,19,0
27,19,0
28,19,2.8368e-25
29,19,0
30,19,0
31,19,0
32,19,3.0629e-16
33,19,1.2088e-16
34,19,0
35,19,0
36,19,0
37,19,0
38,19,5.6842e-16
39,19,0
40,19,0
41,19,3.7163e-25
42,19,0
43,19,0
44,19,0
45,19,2.0978e-16
46,19,1.8541e-15
47,19,4.1611e-16
48,19,0
49,19,4.2521e-26
50,19,0
51,19,0
52,19,0
53,19,0
54,19,5.0176e-16
55,19,0
56,19,0
57,19,0
58,19,0
59,19,0
60,19,3.0525e-26
61,19,1.9519e-27
62,19,0
63,19,5.8833e-18
64,19,0
65,19,0
66,19,8.2852e-17
67,19,0
68,19,2.8701e-25
69,19,0
70,19,0
71,19,0
72,19,0
73,19,0
74,19,2.1077e-25
75,19,0
76,19,0
77,19,0
78,19,1.9815e-20
79,19,6.4393e-46
80,19,0
81,19,0
82,19,0
83,19,0
84,19,8.369e-15
85,19,5.1249e-16
86,19,1.4143e-25
87,19,5.5982e-17
88,19,0
89,19,0
90,19,4.3582e-16
91,19,0
92,19,0
93,19,0
94,19,5.4269
95,19,0
96,19,0
97,19,0
98,19,0
99,19,0
100,19,0
101,19,1.3123e-16
102,19,0
103,19,1.1434e-28
104,19,0
105,19,0
106,19,2.5923e-16
107,19,5.9274e-18
108,19,0
109,19,0
110,19,0
111,19,0
112,19,0
113,19,0
114,19,6.2542e-16
115,19,4.8977e-15
116,19,2.8175e-15
117,19,0
118,19,0
119,19,8.9736e-19
120,19,0
121,19,0
122,19,0
123,19,0
124,19,3.8062e-28
125,19,1.4849e-19
126,19,1.3342e-28
127,19,0
128,19,2.083e-18
129,19,0
130,19,8.5954e-17
131,19,0
132,19,0
133,19,1.5699e-15
134,19,5.8734e-19
135,19,0
136,19,0
137,19,0
138,19,0
139,19,3.9475e-15
140,19,0
141,19,0
142,19,0
143,19,0
144,19,2.3034e-17
145,19,0
146,19,0
147,19,1.4213e-17
148,19,0
149,19,0
150,19,5.4269
151,19,0
152,19,7.6377e-20
153,19,8.3691e-16
154,19,0
155,19,0
156,19,0
157,19,0
158,19,0
159,19,4.9939e-26
160,19,8.4425e-25
161,19,0
162,19,0
163,19,0
164,19,1.4802e-20
165,19,0
166,19,0
167,19,0
168,19,0
169,19,1.2233e-19
170,19,5.2126e-14
171,19,1.474e-14
172,19,0
173,19,8.6375e-16
174,19,0
175,19,0
176,19,7.003e-17
177,19,0
178,19,1.5798e-15
179,19,3.6603e-25
180,19,0
181,19,0
182,19,0
183,19,0
184,19,0
185,19,0
186,19,5.2924e-14
187,19,0
188,19,5.9393e-16
189,19,1.8435e-169
190,19,0
191,19,9.6647e-172
192,19,5.8498e-26
193,19,1.3405e-26
194,19,0
195,19,4.8305e-17
196,19,0
197,19,0
198,19,0
199,19,1.138e-14
200,19,0
201,19,0
202,19,0
203,19,0
204,19,0
205,19,0
206,19,0
207,19,4.2105e-17
208,19,0
209,19,1.6767e-16
210,19,0
211,19,0
212,19,0
213,19,0
214,19,0
215,19,0
216,19,0
217,19,4.1076e-14
218,19,0
219,19,2.651e-16
220,19,0
221,19,0
222,19,0
223,19,0
224,19,0
225,19,0
226,19,0
227,19,0
228,19,0
229,19,0
230,19,0
231,19,3.1554e-27
232,19,0
233,19,2.0751e-24
234,19,1.3294e-15
235,19,5.4269
236,19,0
237,19,0
238,19,0
239,19,0
240,19,4.8289e-25
241,19,1.9975e-15
242,19,1.7438e-16
243,19,0
244,19,0
245,19,1.7194e-16
246,19,7.8458e-171
247,19,1.0791e-26
248,19,3.3407e-25
249,19,0
250,19,0
251,19,0
252,19,0
1,20,0
2,20,0
3,20,0
4,20,0
5,20,0
6,20,0
7,20,0
8,20,0
9,20,0
10,20,0
11,20,1.4614e-19
12,20,0
13,20,1.3763e-21
14,20,2.3589e-17
15,20,1.1441e-17
16,20,3.4366e-18
17,20,4.9554e-26
18,20,0.16078
19,20,4.8297e-18
20,20,0
21,20,0
22,20,6.077e-17
23,20,0
24,20,1.8647e-16
25,20,0
26,20,2.5293e-19
27,20,4.308e-19
28,20,0
29,20,0
30,20,2.2144e-22
31,20,0
32,20,1.5937e-18
33,20,0
34,20,6.8415e-18
35,20,0
36,20,0
37,20,8.1658e-18
38,20,2.9177e-18
39,20,4.9055e-18
40,20,0
41,20,0
42,20,0
43,20,0
44,20,1.9291e-30
45,20,1.0907e-18
46,20,9.6662e-18
47,20,0
48,20,1.9276e-16
49,20,0
50,20,0
51,20,3.1509e-17
52,20,6.2004e-26
53,20,4.0303e-30
54,20,2.6056e-18
55,20,0
56,20,0
57,20,0
58,20,1.8667e-21
59,20,5.731e-18
60,20,0
61,20,0
62,20,1.6594e-27
63,20,3.0644e-20
64,20,8.2402e-27
65,20,0
66,20,4.3056e-19
67,20,0
68,20,0
69,20,0
70,20,0
71,20,0
72,20,1.0381e-17
73,20,9.9527e-19
74,20,0
75,20,6.845e-17
76,20,3.0132e-17
77,20,0
78,20,9.5315e-23
79,20,0
80,20,9.7242e-19
81,20,4.5195e-18
82,20,2.1982e-18
83,20,1.5773e-16
84,20,4.3469e-17
85,20,2.663e-18
86,20,0
87,20,2.918e-19
88,20,0
89,20,0
90,20,0
91,20,0
92,20,0
93,20,3.8955e-19
94,20,0.16078
95,20,1.6002e-17
96,20,0
97,20,0
98,20,1.6687e-17
99,20,8.5637e-19
100,20,3.151e-19
101,20,6.7023e-19
102,20,3.9994e-30
103,20,0
104,20,2.2577e-28
105,20,0
106,20,1.3361e-18
107,20,0
108,20,0
109,20,4.7699e-28
110,20,2.5682e-22
111,20,1.8208e-19
112,20,0
113,20,1.5455e-19
114,20,3.2321e-18
115,20,2.5484e-17
116,20,1.4645e-17
117,20,4.3617e-17
118,20,0
119,20,4.3559e-21
120,20,8.6763e-23
121,20,1.9009e-19
122,20,1.316e-21
123,20,1.6696e-21
124,20,0
125,20,7.0896e-22
126,20,0
127,20,0
128,20,0
129,20,0
130,20,0
131,20,7.8511e-19
132,20,1.3549e-19
133,20,8.1835e-18
134,20,2.8467e-21
135,20,3.5607e-17
136,20,0
137,20,1.7296e-22
138,20,3.9987e-17
139,20,2.032e-17
140,20,5.3283e-17
141,20,0
142,20,1.1644e-17
143,20,1.7023e-17
144,20,1.1766e-19
145,20,1.4877e-21
146,20,1.3879e-23
147,20,7.2738e-20
148,20,0
149,20,0
150,20,0
151,20,0
152,20,0
153,20,0
154,20,0
155,20,0
156,20,7.2813e-53
157,20,2.6903e-19
158,20,0
159,20,0
160,20,0
161,20,7.9899e-28
162,20,0
163,20,1.308e-22
164,20,7.0443e-23
165,20,0
166,20,7.1149e-18
167,20,0
168,20,0
169,20,5.8881e-22
170,20,2.7173e-16
171,20,7.6431e-17
172,20,0
173,20,0
174,20,1.4186e-18
175,20,2.2251e-19
176,20,3.6417e-19
177,20,0
178,20,8.2275e-18
179,20,0
180,20,0
181,20,3.7479e-53
182,20,0
183,20,0
184,20,1.8584e-17
185,20,0
186,20,0
187,20,2.0996e-17
188,20,0
189,20,0
190,20,0
191,20,0
192,20,0
193,20,0
194,20,0
195,20,2.4785e-19
196,20,8.5893e-18
197,20,3.0407e-17
198,20,0
199,20,0
200,20,7.3683e-18
201,20,0
202,20,0
203,20,0
204,20,0
205,20,0
206,20,0
207,20,2.1713e-19
208,20,1.9189e-19
209,20,8.7068e-19
210,20,8.2729e-18
211,20,0
212,20,6.2901e-28
213,20,3.9537e-19
214,20,2.1767e-21
215,20,1.0588e-18
216,20,2.7948e-18
217,20,2.1358e-16
218,20,0
219,20,1.3713e-18
220,20,6.2004e-26
221,20,1.6591e-27
222,20,0
223,20,4.1275e-23
224,20,0
225,20,0
226,20,2.1886e-17
227,20,2.1661e-19
228,20,8.5244e-19
229,20,4.3893e-18
230,20,0.16078
231,20,0
232,20,3.0644e-20
233,20,0
234,20,6.8043e-18
235,20,0
236,20,8.6649e-17
237,20,2.2379e-18
238,20,1.1143e-16
239,20,0
240,20,0
241,20,1.0414e-17
242,20,9.0565e-19
243,20,0
244,20,0
245,20,8.8506e-19
246,20,0
247,20,0
248,20,0
249,20,0
250,20,0
251,20,0
252,20,0
